{
  "start": [
    7.106892307697677,
    5.338929558929326,
    2.613236803591433
  ],
  "dest": [
    2.8166885197125118,
    1.6193140720678276,
    3.0445628088528833
  ],
  "start_box": [
    [
      8.399065441019363,
      5.707831434123279
    ],
    [
      4.348607551757512,
      8.072126442644091
    ],
    [
      3.3706262475932536,
      6.396670514036844
    ],
    [
      7.421084136855105,
      4.032375505516032
    ],
    [
      8.399065441019363,
      5.707831434123279
    ]
  ],
  "parking_lot": [
    [
      3.8362854095248444,
      2.494655252571189
    ],
    [
      -0.8316542220835244,
      2.9490114956887723
    ],
    [
      -1.019596889812333,
      1.0181366800554597
    ],
    [
      3.6483427417960357,
      0.5637804369378767
    ],
    [
      3.8362854095248444,
      2.494655252571189
    ]
  ],
  "obstacles": [
    [
      [
        18.0,
        0.0
      ],
      [
        18.0,
        -1.0
      ],
      [
        -18.0,
        -1.0
      ],
      [
        -18.0,
        0.0
      ],
      [
        18.0,
        0.0
      ]
    ],
    [
      [
        -1.8083732953706704,
        2.7441796119016133
      ],
      [
        -1.953758883388996,
        1.0756170995267484
      ],
      [
        -18.0,
        0.0
      ],
      [
        -18.0,
        2.7441796119016133
      ],
      [
        -1.8083732953706704,
        2.7441796119016133
      ]
    ],
    [
      [
        18.0,
        2.459433141231998
      ],
      [
        18.0,
        0.0
      ],
      [
        4.3299683444746755,
        0.3811394071597579
      ],
      [
        4.306331788240697,
        2.459433141231998
      ],
      [
        18.0,
        2.459433141231998
      ]
    ],
    [
      [
        4.942061874729507,
        9.486473190632521
      ],
      [
        3.9240078135082257,
        13.884801262975342
      ],
      [
        1.9161573555703393,
        13.573437205724705
      ],
      [
        2.9097264629944752,
        9.054476173872242
      ],
      [
        4.942061874729507,
        9.486473190632521
      ]
    ],
    [
      [
        -11.249059482804023,
        9.381753562491747
      ],
      [
        -7.129371296667563,
        7.545903245355822
      ],
      [
        -6.327163770736567,
        9.557950001765901
      ],
      [
        -11.05845848465731,
        11.065949910032622
      ],
      [
        -11.249059482804023,
        9.381753562491747
      ]
    ]
  ],
  "steps": [
    {
      "step": 0,
      "raw_action": [
        1.0,
        1.0
      ],
      "actual_steer": 0.75,
      "actual_speed": 2.5,
      "state": [
        5.929447923436745,
        5.7310177742351796,
        3.0291280803521934
      ],
      "vehicle_box": [
        [
          6.96243348297694,
          6.590518113840366
        ],
        [
          2.3020624507406233,
          7.11686575741123
        ],
        [
          2.084340824188922,
          5.189121663053351
        ],
        [
          6.74471185642524,
          4.662774019482486
        ],
        [
          6.96243348297694,
          6.590518113840366
        ]
      ]
    },
    {
      "step": 1,
      "raw_action": [
        0.9472285509109497,
        0.9046640992164612
      ],
      "actual_steer": 0.7104214429855347,
      "actual_speed": 2.26166033744812,
      "state": [
        4.806347179736134,
        5.663119148807437,
        3.3765601942559718
      ],
      "vehicle_box": [
        [
          5.484965469896805,
          6.8229800095400535
        ],
        [
          0.9238377647662852,
          5.731094458078366
        ],
        [
          1.3754919161171748,
          3.8444019745062534
        ],
        [
          5.936619621247695,
          4.936287525967941
        ],
        [
          5.484965469896805,
          6.8229800095400535
        ]
      ]
    },
    {
      "step": 2,
      "raw_action": [
        -1.0,
        0.8110609650611877
      ],
      "actual_steer": -0.75,
      "actual_speed": 2.0276525020599365,
      "state": [
        3.7995947114191884,
        5.595409652389337,
        3.0392469990924473
      ],
      "vehicle_box": [
        [
          4.823830320742335,
          6.465318507726748
        ],
        [
          0.15837190188573524,
          6.944482093488519
        ],
        [
          -0.03983222527371799,
          5.014633621722676
        ],
        [
          4.625626193582881,
          4.535470035960905
        ],
        [
          4.823830320742335,
          6.465318507726748
        ]
      ]
    },
    {
      "step": 3,
      "raw_action": [
        0.5722716450691223,
        0.8497676253318787
      ],
      "actual_steer": 0.42920374870300293,
      "actual_speed": 2.1244189739227295,
      "state": [
        2.738854075848751,
        5.612352260001304,
        3.212864246596868
      ],
      "vehicle_box": [
        [
          3.597418111704716,
          6.646116157772317
        ],
        [
          -1.0806751739983693,
          6.31213530463892
        ],
        [
          -0.9425253115082222,
          4.377060470041055
        ],
        [
          3.735567974194863,
          4.711041323174452
        ],
        [
          3.597418111704716,
          6.646116157772317
        ]
      ]
    },
    {
      "step": 4,
      "raw_action": [
        -1.0,
        0.9905499219894409
      ],
      "actual_steer": -0.75,
      "actual_speed": 2.476374864578247,
      "state": [
        1.5203723486573981,
        5.7762149789702475,
        2.800903164929834
      ],
      "vehicle_box": [
        [
          2.7210330596604866,
          6.379716310413318
        ],
        [
          -1.6994068729544933,
          7.946818988013888
        ],
        [
          -2.3476327140088866,
          6.118321446591061
        ],
        [
          2.072807218606093,
          4.55121876899049
        ],
        [
          2.7210330596604866,
          6.379716310413318
        ]
      ]
    },
    {
      "step": 5,
      "raw_action": [
        -0.9657169580459595,
        0.7438644170761108
      ],
      "actual_steer": -0.724287748336792,
      "actual_speed": 1.8596611022949219,
      "state": [
        0.7015295457977462,
        6.209667088058901,
        2.5071156727879282
      ],
      "vehicle_box": [
        [
          2.0255083216330814,
          6.439624043025625
        ],
        [
          -1.7517324590686003,
          9.219651396237127
        ],
        [
          -2.9016798077317807,
          7.657210646863723
        ],
        [
          0.8755609729699012,
          4.877183293652221
        ],
        [
          2.0255083216330814,
          6.439624043025625
        ]
      ]
    },
    {
      "step": 6,
      "raw_action": [
        -1.0,
        0.9829756617546082
      ],
      "actual_steer": -0.75,
      "actual_speed": 2.4574391841888428,
      "state": [
        -0.11483826683922355,
        7.116522156918571,
        2.098304664838234
      ],
      "vehicle_box": [
        [
          1.1914490360410495,
          6.801223120551852
        ],
        [
          -1.1694123122975102,
          10.85368332318445
        ],
        [
          -2.845696489932316,
          9.877122339010292
        ],
        [
          -0.4848351415937565,
          5.824662136377693
        ],
        [
          1.1914490360410495,
          6.801223120551852
        ]
      ]
    },
    {
      "step": 7,
      "raw_action": [
        0.47685396671295166,
        -0.9123035669326782
      ],
      "actual_steer": 0.35764047503471375,
      "actual_speed": -2.280758857727051,
      "state": [
        0.38254080862964773,
        6.091548633259345,
        1.9461000891704157
      ],